{"cameraMode":{"drawMode":0,"name":"Shaded","section":"Shading Mode"},"sceneLighting":false,"audioPlay":false,"sceneViewState":{"showFog":true,"showMaterialUpdate":true,"showSkybox":true,"showFlares":true,"showImageEffects":true,"showParticleSystems":true},"in2DMode":false,"pivot":{"x":0.0522439181804657,"y":0.04481654614210129,"z":-0.06331050395965576},"rotation":{"x":-0.20708392560482026,"y":-0.12377405911684036,"z":0.026421338319778444,"w":-0.9701021909713745},"size":0.0646677017211914,"orthographic":false}